m,k,n,latency_us,mfu
8,1024,1024,20.525,0.003
16,1024,1024,21.847,0.005
32,1024,1024,22.731,0.009
64,1024,1024,18.864,0.023
128,1024,1024,18.844,0.046
256,1024,1024,19.398,0.089
512,1024,1024,18.704,0.184
1024,1024,1024,27.02,0.255
2048,1024,1024,33.819,0.407
4096,1024,1024,60.681,0.454
8192,1024,1024,98.399,0.56
16384,1024,1024,186.42,0.591
32768,1024,1024,348.017,0.633
8,1024,2048,19.263,0.006
16,1024,2048,19.121,0.011
32,1024,2048,18.681,0.023
64,1024,2048,18.474,0.047
128,1024,2048,18.311,0.094
256,1024,2048,19.283,0.178
512,1024,2048,21.828,0.315
1024,1024,2048,33.978,0.405
2048,1024,2048,53.505,0.515
4096,1024,2048,97.613,0.564
8192,1024,2048,184.722,0.596
16384,1024,2048,349.781,0.63
32768,1024,2048,680.472,0.647
8,1024,4096,18.974,0.011
16,1024,4096,19.128,0.022
32,1024,4096,19.083,0.045
64,1024,4096,18.05,0.095
128,1024,4096,19.374,0.178
256,1024,4096,25.826,0.267
512,1024,4096,34.861,0.395
1024,1024,4096,62.684,0.439
2048,1024,4096,99.98,0.551
4096,1024,4096,184.454,0.597
8192,1024,4096,357.237,0.617
16384,1024,4096,701.087,0.628
32768,1024,4096,1383.075,0.637
8,1024,8192,21.525,0.02
16,1024,8192,19.96,0.043
32,1024,8192,19.31,0.089
64,1024,8192,19.755,0.174
128,1024,8192,25.778,0.267
256,1024,8192,46.802,0.294
512,1024,8192,63.675,0.432
1024,1024,8192,99.07,0.556
2048,1024,8192,187.168,0.588
4096,1024,8192,348.052,0.633
8192,1024,8192,682.508,0.645
16384,1024,8192,1193.432,0.738
32768,1024,8192,2451.365,0.719
8,1024,14336,20.799,0.036
16,1024,14336,21.481,0.07
32,1024,14336,22.998,0.131
64,1024,14336,22.538,0.267
128,1024,14336,35.775,0.337
256,1024,14336,71.588,0.337
512,1024,14336,102.26,0.471
1024,1024,14336,140.572,0.685
2048,1024,14336,256.127,0.752
4096,1024,14336,603.835,0.638
8192,1024,14336,1042.078,0.74
16384,1024,14336,2106.974,0.732
32768,1024,14336,4262.677,0.723
8,1024,131072,208.633,0.033
16,1024,131072,213.068,0.065
32,1024,131072,215.27,0.128
64,1024,131072,229.453,0.24
128,1024,131072,265.783,0.414
256,1024,131072,338.144,0.651
512,1024,131072,586.985,0.75
1024,1024,131072,1233.614,0.714
2048,1024,131072,2427.156,0.726
4096,1024,131072,4862.814,0.725
8192,1024,131072,9794.792,0.72
16384,1024,131072,19596.474,0.719
32768,1024,131072,39305.757,0.717
8,2048,1024,21.474,0.005
16,2048,1024,22.094,0.01
32,2048,1024,19.728,0.022
64,2048,1024,22.155,0.039
128,2048,1024,19.791,0.087
256,2048,1024,19.426,0.177
512,2048,1024,23.386,0.294
1024,2048,1024,38.367,0.359
2048,2048,1024,58.684,0.469
4096,2048,1024,89.285,0.617
8192,2048,1024,166.615,0.661
16384,2048,1024,303.087,0.727
32768,2048,1024,541.427,0.814
8,2048,2048,20.565,0.01
16,2048,2048,21.316,0.02
32,2048,2048,21.795,0.039
64,2048,2048,19.293,0.089
128,2048,2048,18.623,0.185
256,2048,2048,20.986,0.328
512,2048,2048,34.438,0.4
1024,2048,2048,47.202,0.583
2048,2048,2048,77.894,0.707
4096,2048,2048,161.92,0.68
8192,2048,2048,293.719,0.75
16384,2048,2048,580.546,0.759
32768,2048,2048,1227.17,0.718
8,2048,4096,19.83,0.022
16,2048,4096,19.511,0.044
32,2048,4096,19.375,0.089
64,2048,4096,18.839,0.183
128,2048,4096,23.316,0.295
256,2048,4096,44.456,0.31
512,2048,4096,61.619,0.447
1024,2048,4096,95.819,0.575
2048,2048,4096,163.333,0.674
4096,2048,4096,315.609,0.698
8192,2048,4096,618.637,0.712
16384,2048,4096,1283.134,0.687
32768,2048,4096,2574.822,0.684
8,2048,8192,28.165,0.031
16,2048,8192,28.58,0.06
32,2048,8192,28.566,0.12
64,2048,8192,29.798,0.231
128,2048,8192,41.481,0.332
256,2048,8192,81.674,0.337
512,2048,8192,100.986,0.545
1024,2048,8192,156.145,0.705
2048,2048,8192,274.21,0.803
4096,2048,8192,625.591,0.704
8192,2048,8192,1164.219,0.757
16384,2048,8192,2461.17,0.716
32768,2048,8192,4944.545,0.713
8,2048,14336,62.77,0.024
16,2048,14336,63.372,0.048
32,2048,14336,58.511,0.103
64,2048,14336,59.746,0.202
128,2048,14336,72.771,0.331
256,2048,14336,103.592,0.465
512,2048,14336,163.798,0.588
1024,2048,14336,339.663,0.567
2048,2048,14336,658.077,0.586
4096,2048,14336,993.567,0.776
8192,2048,14336,2009.78,0.767
16384,2048,14336,4334.59,0.711
32768,2048,14336,8640.671,0.714
8,2048,131072,394.802,0.035
16,2048,131072,400.851,0.069
32,2048,131072,409.655,0.134
64,2048,131072,416.222,0.265
128,2048,131072,448.01,0.492
256,2048,131072,600.44,0.734
512,2048,131072,1158.614,0.76
1024,2048,131072,2319.529,0.76
2048,2048,131072,4533.085,0.777
4096,2048,131072,9027.695,0.781
8192,2048,131072,18282.011,0.771
16384,2048,131072,36504.408,0.772
32768,2048,131072,72553.576,0.777
8,4096,1024,22.429,0.01
16,4096,1024,23.367,0.018
32,4096,1024,21.923,0.039
64,4096,1024,21.975,0.078
128,4096,1024,22.031,0.156
256,4096,1024,25.649,0.268
512,4096,1024,35.476,0.388
1024,4096,1024,48.206,0.571
2048,4096,1024,100.229,0.549
4096,4096,1024,156.616,0.703
8192,4096,1024,278.092,0.792
16384,4096,1024,550.444,0.8
32768,4096,1024,1120.156,0.787
8,4096,2048,22.74,0.019
16,4096,2048,21.842,0.039
32,4096,2048,22.325,0.077
64,4096,2048,24.613,0.14
128,4096,2048,27.688,0.249
256,4096,2048,38.62,0.356
512,4096,2048,74.976,0.367
1024,4096,2048,97.819,0.563
2048,4096,2048,172.155,0.64
4096,4096,2048,304.574,0.723
8192,4096,2048,570.394,0.772
16384,4096,2048,1141.348,0.772
32768,4096,2048,2315.87,0.761
8,4096,4096,27.481,0.031
16,4096,4096,28.505,0.06
32,4096,4096,30.397,0.113
64,4096,4096,30.772,0.224
128,4096,4096,39.831,0.346
256,4096,4096,63.461,0.434
512,4096,4096,96.057,0.573
1024,4096,4096,187.123,0.589
2048,4096,4096,287.111,0.767
4096,4096,4096,574.35,0.767
8192,4096,4096,1196.792,0.736
16384,4096,4096,2419.053,0.728
32768,4096,4096,4824.704,0.73
8,4096,8192,60.068,0.029
16,4096,8192,60.027,0.057
32,4096,8192,59.476,0.116
64,4096,8192,60.532,0.227
128,4096,8192,74.282,0.371
256,4096,8192,145.87,0.377
512,4096,8192,203.7,0.541
1024,4096,8192,320.872,0.686
2048,4096,8192,618.322,0.712
4096,4096,8192,1183.124,0.745
8192,4096,8192,2376.75,0.741
16384,4096,8192,4722.305,0.746
32768,4096,8192,9446.489,0.746
8,4096,14336,108.625,0.028
16,4096,14336,110.435,0.055
32,4096,14336,99.429,0.121
64,4096,14336,100.239,0.24
128,4096,14336,132.674,0.363
256,4096,14336,179.467,0.537
512,4096,14336,285.824,0.674
1024,4096,14336,560.218,0.688
2048,4096,14336,1053.792,0.732
4096,4096,14336,2105.248,0.732
8192,4096,14336,4161.974,0.741
16384,4096,14336,8240.25,0.748
32768,4096,14336,16613.136,0.742
8,4096,131072,754.159,0.037
16,4096,131072,762.15,0.072
32,4096,131072,775.484,0.142
64,4096,131072,799.242,0.276
128,4096,131072,830.758,0.53
256,4096,131072,1157.056,0.761
512,4096,131072,2292.435,0.769
1024,4096,131072,4416.067,0.798
2048,4096,131072,8772.784,0.803
4096,4096,131072,17889.697,0.788
8192,4096,131072,35606.534,0.792
16384,4096,131072,70953.599,0.795
32768,4096,131072,142459.495,0.792
8,8192,1024,20.879,0.021
16,8192,1024,23.213,0.037
32,8192,1024,20.671,0.083
64,8192,1024,23.389,0.147
128,8192,1024,27.913,0.247
256,8192,1024,36.925,0.373
512,8192,1024,57.425,0.479
1024,8192,1024,102.424,0.538
2048,8192,1024,174.724,0.63
4096,8192,1024,289.912,0.76
8192,8192,1024,628.795,0.701
16384,8192,1024,1099.206,0.802
32768,8192,1024,2241.798,0.786
8,8192,2048,30.57,0.028
16,8192,2048,33.778,0.051
32,8192,2048,35.135,0.098
64,8192,2048,39.091,0.176
128,8192,2048,47.097,0.292
256,8192,2048,58.985,0.467
512,8192,2048,108.759,0.506
1024,8192,2048,188.746,0.583
2048,8192,2048,311.429,0.707
4096,8192,2048,551.179,0.799
8192,8192,2048,1133.403,0.777
16384,8192,2048,2246.848,0.784
32768,8192,2048,4340.576,0.812
8,8192,4096,63.101,0.027
16,8192,4096,63.232,0.054
32,8192,4096,63.555,0.108
64,8192,4096,71.534,0.192
128,8192,4096,79.412,0.347
256,8192,4096,105.869,0.52
512,8192,4096,164.554,0.669
1024,8192,4096,307.832,0.716
2048,8192,4096,582.189,0.757
4096,8192,4096,1134.26,0.777
8192,8192,4096,2298.842,0.766
16384,8192,4096,4363.214,0.808
32768,8192,4096,8849.309,0.796
8,8192,8192,112.366,0.031
16,8192,8192,113.58,0.061
32,8192,8192,113.454,0.121
64,8192,8192,114.252,0.241
128,8192,8192,140.503,0.392
256,8192,8192,179.961,0.612
512,8192,8192,335.591,0.656
1024,8192,8192,583.133,0.755
2048,8192,8192,1120.618,0.786
4096,8192,8192,2229.835,0.79
8192,8192,8192,4344.457,0.811
16384,8192,8192,9012.179,0.782
32768,8192,8192,17638.397,0.799
8,8192,14336,190.608,0.032
16,8192,14336,192.391,0.063
32,8192,14336,204.394,0.118
64,8192,14336,206.506,0.233
128,8192,14336,240.619,0.4
256,8192,14336,330.039,0.584
512,8192,14336,535.857,0.719
1024,8192,14336,1069.213,0.721
2048,8192,14336,2029.629,0.76
4096,8192,14336,3845.067,0.802
8192,8192,14336,7647.178,0.806
16384,8192,14336,15570.506,0.792
32768,8192,14336,30688.253,0.804
8,8192,131072,1520.927,0.036
16,8192,131072,1529.869,0.072
32,8192,131072,1561.523,0.141
64,8192,131072,1598.68,0.276
128,8192,131072,1663.65,0.53
256,8192,131072,2378.857,0.741
512,8192,131072,4465.612,0.789
1024,8192,131072,9566.651,0.737
2048,8192,131072,17891.453,0.788
4096,8192,131072,35603.978,0.792
8192,8192,131072,70078.653,0.805
16384,8192,131072,143136.708,0.788
32768,8192,131072,289769.162,0.778
8,14336,1024,26.319,0.029
16,14336,1024,26.238,0.057
32,14336,1024,26.127,0.115
64,14336,1024,37.893,0.159
128,14336,1024,46.299,0.26
256,14336,1024,57.421,0.42
512,14336,1024,94.408,0.51
1024,14336,1024,185.033,0.521
2048,14336,1024,267.136,0.721
4096,14336,1024,522.053,0.738
8192,14336,1024,1060.261,0.727
16384,14336,1024,1988.999,0.775
32768,14336,1024,3905.654,0.79
8,14336,2048,55.281,0.027
16,14336,2048,57.004,0.053
32,14336,2048,59.821,0.101
64,14336,2048,60.92,0.198
128,14336,2048,68.676,0.351
256,14336,2048,86.723,0.556
512,14336,2048,156.057,0.617
1024,14336,2048,274.127,0.703
2048,14336,2048,513.071,0.751
4096,14336,2048,1003.068,0.769
8192,14336,2048,1992.133,0.774
16384,14336,2048,3897.914,0.791
32768,14336,2048,7588.747,0.813
8,14336,4096,97.926,0.031
16,14336,4096,98.216,0.061
32,14336,4096,104.195,0.116
64,14336,4096,105.415,0.229
128,14336,4096,126.012,0.382
256,14336,4096,155.951,0.618
512,14336,4096,290.205,0.664
1024,14336,4096,527.088,0.731
2048,14336,4096,987.96,0.78
4096,14336,4096,1982.3,0.778
8192,14336,4096,4032.292,0.765
16384,14336,4096,7768.752,0.794
32768,14336,4096,16182.468,0.762
8,14336,8192,186.274,0.032
16,14336,8192,188.077,0.064
32,14336,8192,180.875,0.133
64,14336,8192,195.706,0.246
128,14336,8192,204.84,0.47
256,14336,8192,269.217,0.716
512,14336,8192,524.665,0.735
1024,14336,8192,1074.991,0.717
2048,14336,8192,1968.679,0.783
4096,14336,8192,3956.885,0.779
8192,14336,8192,7590.035,0.813
16384,14336,8192,15642.285,0.789
32768,14336,8192,31017.239,0.795
8,14336,14336,314.483,0.034
16,14336,14336,318.183,0.066
32,14336,14336,326.583,0.129
64,14336,14336,328.707,0.257
128,14336,14336,369.158,0.457
256,14336,14336,511.542,0.659
512,14336,14336,918.19,0.735
1024,14336,14336,1792.875,0.752
2048,14336,14336,3541.937,0.762
4096,14336,14336,6702.504,0.805
8192,14336,14336,13575.092,0.795
16384,14336,14336,27205.759,0.793
32768,14336,14336,54281.922,0.795
8,14336,131072,2606.015,0.037
16,14336,131072,2621.203,0.074
32,14336,131072,2679.253,0.144
64,14336,131072,2735.087,0.282
128,14336,131072,2842.673,0.542
256,14336,131072,4103.886,0.751
512,14336,131072,7935.952,0.777
1024,14336,131072,17319.056,0.712
2048,14336,131072,31957.634,0.772
4096,14336,131072,61074.558,0.808
8192,14336,131072,122270.264,0.807
16384,14336,131072,245368.835,0.804
32768,14336,131072,494086.95,0.799
